1,0,1p Loss,1p Gain,1q Gain,1q Loss,2p Loss,2q Loss,2q Gain,3p Loss,3q Loss,5p Loss,5q Loss,5q Gain,6p Loss,7q Loss,8p Loss,8q Gain,11q Loss,12q Gain,15q Gain,17q Loss,21p Gain,21q Gain
1.1,0,8p Gain,14q Loss,19q Gain,22q Gain,,,,,,,,,,,,,,,,,,
1.1.1,0,5p Gain,9q Gain,13q Loss,17p Gain,17q Gain,,,,,,,,,,,,,,,,,
1.1.1.1,30.8988764,2p Gain,7q Gain,10q Gain,16p Gain,,,,,,,,,,,,,,,,,,
1.1.1.2,15.16853933,4q Gain,9p Gain,11p Gain,11q Gain,,,,,,,,,,,,,,,,,,
1.1.2,0,4q Gain,11p Gain,11q Gain,,,,,,,,,,,,,,,,,,,
1.1.2.1,34.26966292,4p Gain,5p Gain,6q Loss,7q Gain,9q Gain,13q Loss,17p Gain,20p Gain,20q Gain,,,,,,,,,,,,,
1.1.2.2,5.056179775,6p Gain,16p Loss,16q Loss,,,,,,,,,,,,,,,,,,,
1.2,0,11p Gain,11q Gain,14q Gain,,,,,,,,,,,,,,,,,,,
1.2.1,4.494382022,2p Gain,4q Gain,6p Gain,8p Gain,9q Gain,16q Loss,19q Loss,,,,,,,,,,,,,,,
1.2.2,0,6p Gain,7q Gain,17q Gain,19q Gain,,,,,,,,,,,,,,,,,,
1.2.2.1,7.865168539,13q Loss,16q Loss,17p Gain,,,,,,,,,,,,,,,,,,,
1.2.2.2,2.247191011,4q Gain,7p Gain,9p Gain,9q Gain,17p Gain,19p Gain,20q Gain,22q Gain,,,,,,,,,,,,,,